{"cameraMode":{"drawMode":0,"name":"Shaded","section":"Shading Mode"},"sceneLighting":true,"audioPlay":false,"sceneViewState":{"m_AlwaysRefresh":false,"showFog":true,"showSkybox":true,"showFlares":true,"showImageEffects":true,"showParticleSystems":true,"showVisualEffectGraphs":true,"m_FxEnabled":true},"in2DMode":false,"pivot":{"x":-0.7313723564147949,"y":0.45712387561798098,"z":29.42714500427246},"rotation":{"x":-0.07564831525087357,"y":0.1673101782798767,"z":-0.012876464985311032,"w":-0.9829365015029907},"size":9.018928527832032,"orthographic":false}